{"temp_max_q75": 302.40953063964844, "vpd_q75": 25.059894561767578, "wind_speed_q75": 4.065038984576656, "precip_mean": 0.00023600163315663027}